gameid,url
 3,
 7,
 8,
 11,
 22,
 25,
 39,
 40,
 41,
 42,
 43,
 44,
 45,
 51,
 52,
 53,
 54,
 57,
 59,
 63,
 64,
 65,
 71,
 74,
 80,
 83,
 88,
 90,
 93,
 103,
 105,
 106,
 111,
 116,
 120,
 126,
 130,
 134,
 135,
 137,
 138,
 144,
 145,
 146,
 149,
 153,
 154,
 155,
 158,
 160,
 161,
 163,
 166,
 169,
 170,
 171,
 174,
 187,
 189,
 191,
 192,
 193,
 194,
 196,
 197,
 198,
 201,
 203,
 206,
 207,
 209,
 213,
 216,
 218,
 219,
 220,
 221,
 223,
 224,
 226,
 234,
 238,
 239,
 251,
 253,
 254,
 255,
 258,
 265,
 266,
 268,
 269,
 274,
 275,
 276,
 278,
 280,
 282,
 284,
 285,
 291,
 292,
 295,
 296,
 302,
 303,
 304,
 305,
 309,
 312,
 315,
 316,
 318,
 320,
 322,
 323,
 324,
 325,
 331,
 332,
 338,
 343,
 344,
 345,
 352,
 354,
 358,
 359,
 361,
 365,
 366,
 372,
 373,
 374,
 377,
 379,
 381,
 383,
 384,
 386,
 388,
 391,
 397,
 399,
 402,
 404,
 406,
 408,
 410,
 412,
 413,
 422,
 427,
 429,
 431,
 436,
 437,
 438,
 439,
 440,
 441,
 442,
 448,
 449,
 450,
 452,
 455,
 456,
 458,
 459,
 461,
 462,
 464,
 465,
 467,
 470,
 473,
 477,
 479,
 485,
 489,
 501,
 516,
 521,
 522,
 523,
 526,
 529,
 530,
 531,
 535,
 537,
 538,
 539,
 542,
 543,
 545,
 547,
 548,
 549,
 551,
 554,
 555,
 557,
 563,
 571,
 572,
 574,
 576,
 583,
 585,
 587,
 588,
 591,
 592,
 602,
 603,
 606,
 607,
 608,
 609,
 611,
 612,
 613,
 620,
 621,
 626,
 632,
 633,
 634,
 636,
 640,
 641,
 642,
 643,
 644,
 648,
 649,
 650,
 651,
 652,
 654,
 658,
 659,
 660,
 663,
 668,
 671,
 676,
 679,
 680,
 683,
 685,
 686,
 687,
 689,
 690,
 692,
 694,
 695,
 696,
 697,
 701,
 704,
 706,
 708,
 709,
 711,
 713,
 715,
 716,
 720,
 724,
 725,
 728,
 729,
 730,
 732,
 733,
 734,
 735,
 736,
 737,
 738,
 745,
 746,
 750,
 759,
 763,
 765,
 766,
 775,
 777,
 789,
 794,
 801,
 804,
 805,
 807,
 808,
 810,
 811,
 816,
 819,
 821,
 822,
 823,
 825,
 828,
 829,
 830,
 838,
 840,
 842,
 845,
 847,
 849,
 850,
 852,
 853,
 855,
 857,
 861,
 862,
 867,
 868,
 870,
 875,
 878,
 879,
 881,
 883,
 889,
 892,
 896,
 898,
 900,
 911,
 913,
 914,
 915,
 916,
 919,
 926,
 931,
 934,
 937,
 939,
 940,
 941,
 945,
 946,
 954,
 956,
 963,
 964,
 968,
 972,
 974,
 975,
 977,
 980,
 981,
 983,
 987,
 988,
 993,
 996,
 1000,
 1002,
 1004,
 1005,
 1007,
 1008,
 1009,
 1012,
 1013,
 1018,
 1020,
 1021,
 1026,
 1028,
 1032,
 1034,
 1037,
 1038,
 1047,
 1051,
 1056,
 1057,
 1061,
 1062,
 1064,
 1066,
 1068,
 1069,
 1072,
 1074,
 1076,
 1077,
 1080,
 1095,
 1099,
 1100,
 1104,
 1109,
 1115,
 1116,
 1119,
 1123,
 1125,
 1127,
 1130,
 1133,
 1137,
 1140,
 1146,
 1152,
 1154,
 1161,
 1162,
 1163,
 1168,
 1170,
 1172,
 1173,
 1177,
 1178,
 1181,
 1186,
 1192,
 1194,
 1196,
 1201,
 1202,
 1203,
 1206,
 1209,
 1211,
 1214,
 1215,
 1216,
 1218,
 1224,
 1226,
 1230,
 1231,
 1232,
 1233,
 1236,
 1239,
 1242,
 1244,
 1245,
 1248,
 1251,
 1252,
 1255,
 1257,
 1258,
 1260,
 1261,
 1264,
 1265,
 1270,
 1271,
 1273,
 1274,
 1276,
 1277,
 1280,
 1282,
 1284,
 1285,
 1290,
 1295,
 1297,
 1298,
 1299,
 1305,
 1308,
 1309,
 1311,
 1319,
 1324,
 1335,
 1336,
 1337,
 1343,
 1351,
 1352,
 1354,
 1359,
 1363,
 1366,
 1382,
 1383,
 1388,
 1390,
 1391,
 1392,
 1394,
 1395,
 1396,
 1397,
 1398,
 1399,
 1403,
 1404,
 1407,
 1408,
 1410,
 1415,
 1419,
 1420,
 1421,
 1425,
 1428,
 1431,
 1432,
 1435,
 1436,
 1439,
 1450,
 1452,
 1454,
 1459,
 1462,
 1465,
 1468,
 1469,
 1471,
 1476,
 1489,
 1495,
 1497,
 1498,
 1500,
 1501,
 1507,
 1508,
 1510,
 1515,
 1518,
 1523,
 1525,
 1527,
 1529,
 1531,
 1533,
 1534,
 1538,
 1539,
 1540,
 1551,
 1552,
 1554,
 1555,
 1556,
 1559,
 1561,
 1562,
 1564,
 1565,
 1567,
 1570,
 1571,
 1575,
 1580,
 1581,
 1583,